Workbook

Sheet 2023년최신
A1: variable | B1: variable description | C1: option description | D1: data type | E1: drop_col
A2: mod_d | B2: 최종 DB 수정일 | D2: object | E2: 0
A3: ID | B3: 개인 아이디 | D3: object | E3: 0
A4: ID_fam | B4: 가구 아이디 | D4: object | E4: 0
A5: year | B5: 조사연도 | D5: numeric | E5: 0
A6: region | B6: 17개 시도 | C6: 1: 서울 | 2: 부산 | 3: 대구 | 4: 인천 | 5: 광주 | 6: 대전 | 7: 울산 | 8: 세종 | 9: 경기 | 10: 강원 | 11: 충북 | 12: 충남 | 13: 전북 | 14: 전남 | 15: 경북 | 16: 경남 | 17: 제주 | D6: category | E6: 0
A7: town_t | B7: 동/읍면 구분 | C7: 1: 동 | 2: 읍·면 | D7: category | E7: 0
A8: apt_t | B8: 아파트 구분 | C8: 1: 일반 | 2: 아파트 | D8: category | E8: 0
A9: psu | B9: 조사구번호 | D9: object | E9: 0
A10: sex | B10: 성별 | C10: 1: 남자 | 2: 여자 | D10: category | E10: 0
A11: age | B11: 나이 | C11: 1~79: 실제 1~79세 | 80: 80세 이상 | D11: numeric_age | E11: 0
A12: age_month | B12: 월령(1~6세) | D12: numeric | E12: 0
A13: incm | B13: 소득 4분위수(개인) | C13: 1: 하 | 2: 중하 | 3: 중상 | 4: 상 | D13: category | E13: 0
A14: ho_incm | B14: 소득 4분위수(가구) | C14: 1: 하 | 2: 중하 | 3: 중상 | 4: 상 | D14: category | E14: 0
A15: incm5 | B15: 소득 5분위수(개인) | C15: 1: 하 | 2: 중하 | 3: 중 | 4: 중상 | 5: 상 | D15: category | E15: 0
A16: ho_incm5 | B16: 소득 5분위수(가구) | C16: 1: 하 | 2: 중하 | 3: 중 | 4: 중상 | 5: 상 | D16: category | E16: 0
A17: edu | B17: 교육수준 | C17: 1: 초졸이하 | 2: 중졸 | 3: 고졸 | 4: 대졸이상 | D17: category | E17: 0
A18: occp | B18: 직업재분류 | C18: 1: 관리자·전문가 | 2: 사무종사자 | 3: 서비스·판매 | 4: 농림어업 | 5: 기능·기계조작·조립 | 6: 단순노무 | 7: 무직(주부·학생 등) | D18: category | E18: 0
A19: wt_hs | B19: 가구조사 가중치 | D19: numeric | E19: 1
A20: wt_itvex | B20: 건강설문-검진조사 가중치 | D20: numeric | E20: 1
A21: wt_oe | B21: 구강검사 가중치 | D21: numeric | E21: 1
A22: wt_bia | B22: 체성분검사 가중치(10세 이상) | D22: numeric | E22: 1
A23: wt_ntr | B23: 영양조사 가중치 | D23: numeric | E23: 1
A24: wt_tot | B24: 건강설문·검진·영양조사 통합 가중치 | D24: numeric | E24: 1
A25: wt_oent | B25: 구강검사·영양조사 가중치 | D25: numeric | E25: 1
A26: wt_biant | B26: 체성분·영양조사 가중치(10세 이상) | D26: numeric | E26: 1
A27: kstrata | B27: 분산추정 층 | D27: numeric | E27: 1
A28: cfam | B28: 가구원수 | C28: 1: 1명 | 2: 2명 | 3: 3명 | 4: 4명 | 5: 5명 | 6: 6명 이상 | 9: 모름·무응답 | D28: category | E28: 0
A29: genertn | B29: 가구 세대구성코드 | C29: 1: 1세대-1인가구 | 2: 1세대-부부 | 3: 1세대-기타 | 4: 2세대-부부+미혼자녀 | 5: 2세대-편부모+미혼자녀 | 6: 2세대-기타 | 7: 3세대 이상 | 9: 모름·무응답 | D29: category | E29: 0
A30: allownc | B30: 기초생활수급 여부 | C30: 10: 수급경험 있음 | 20: 없음 | 99: 모름·무응답 | D30: category | E30: 0
A31: house | B31: 주택소유여부 | C31: 1: 아니오 | 2: 1채 있음 | 3: 2채 이상 있음 | 9: 모름·무응답 | D31: category | E31: 0
A32: live_t | B32: 주택형태 | C32: 1: 단독주택 | 2: 아파트 | 3: 연립·다세대 | 4: 기타 | 9: 모름·무응답 | D32: category | E32: 0
A33: ainc_unit1 | B33: 가구총소득 단위(개방형) | C33: 1: 연 | 2: 월 | 9: 모름·무응답 | D33: category | E33: 0
A34: ainc_1 | B34: 가구총소득 금액(개방형) | C34: 999999: 모름·무응답 | D34: numeric | E34: 0
A35: ainc | B35: 월평균 가구총소득 | C35: 17 이하 | 17초과~1500미만 | 1500 이상 | D35: numeric | E35: 0
A36: marri_1 | B36: 결혼여부 | C36: 1: 기혼 | 2: 미혼 | 9: 모름·무응답 | D36: category | E36: 0
A37: marri_2 | B37: 결혼상태 | C37: 1: 유배우자·동거 | 2: 유배우자·별거 | 3: 사별 | 4: 이혼 | 8: 응답거부 | 9: 모름 | 88: 비해당 | 99: 무응답 | D37: category | E37: 0
A38: fam_rela | B38: 가구주와의 관계 | C38: 1: 본인 | 2: 배우자 | 3: 자녀 | 4: 자녀배우자 | 5: 손자녀 | 6: 부모 | 7: 조부모 | 8: 형제자매 | 9: 기타친척 | 10: 비혈연 | 99: 모름·무응답 | D38: category | E38: 0
A39: tins | B39: 건강보험 종류 | C39: 10: 지역 | 20: 직장 | 30: 의료급여 | 99: 미가입·모름·무응답 | D39: category | E39: 0
A40: npins | B40: 민간의료보험 가입여부 | C40: 1: 예 | 2: 아니오 | 9: 모름·무응답 | D40: category | E40: 0
A41: ID_F | B41: 아버지 아이디 | D41: object | E41: 0
A42: ID_M | B42: 어머니 아이디 | D42: object | E42: 0
A43: D_1_1 | B43: 주관적 건강인지 | C43: 1: 매우 좋음 | 2: 좋음 | 3: 보통 | 4: 나쁨 | 5: 매우 나쁨 | 9: 모름·무응답 | D43: category | E43: 0
A44: D_2_1 | B44: 최근 2주간 불편 경험 유무 | C44: 1: 예 | 2: 아니오 | 9: 모름·무응답 | D44: category | E44: 0
A45: D_2_wk | B45: 최근 2주간 불편감 일수 | C45: 0~31: 실제 일수(가설) | 88: 비해당 | 99: 모름·무응답 | D45: numeric | E45: 0
A46: DI1_dg | B46: 고혈압 의사진단 여부 | C46: 0: 없음 | 1: 있음 | 8: 비해당(소아·청소년) | 9: 모름·무응답 | D46: category | E46: 0
A47: DI1_ag | B47: 고혈압 진단시기(세) | C47: 0~79: 실제 연령 | 80: 80세 이상 | 888: 비해당 | 999: 모름·무응답 | D47: numeric_age | E47: 0
A48: DI1_pr | B48: 고혈압 현재 유병 여부 | C48: 0: 없음 | 1: 있음 | 8: 비해당 | 9: 모름·무응답 | D48: category | E48: 0
A49: DI1_pt | B49: 고혈압 치료 여부 | C49: 0: 없음 | 1: 있음 | 8: 비해당 | 9: 모름·무응답 | D49: category | E49: 0
A50: DI1_2 | B50: 혈압조절제 복용 | C50: 1: 매일 복용 | 2: 월 20일 이상 | 3: 월 15일 이상 | 4: 월 15일 미만 | 5: 복용 안 함 | 8: 비해당 | 9: 모름·무응답 | D50: category | E50: 0
A51: DI2_dg | B51: 이상지질혈증 의사진단 여부 | C51: 0: 없음 | 1: 있음 | 8: 비해당 | 9: 모름·무응답 | D51: category | E51: 0
A52: DI2_ag | B52: 이상지질혈증 진단시기(세) | C52: 0~79: 실제 연령 | 80: 80세 이상 | 888: 비해당 | 999: 모름·무응답 | D52: numeric_age | E52: 0
A53: DI2_pr | B53: 이상지질혈증 현재 유병 여부 | C53: 0: 없음 | 1: 있음 | 8: 비해당 | 9: 모름·무응답 | D53: category | E53: 0
A54: DI2_pt | B54: 이상지질혈증 치료 여부 | C54: 0: 없음 | 1: 있음 | 8: 비해당 | 9: 모름·무응답 | D54: category | E54: 0
... A64: DE1_34 | B64: 혈당관리: 기타 | C64: 0: 아니오 | 1: 예 | 8: 비해당 | 9: 모름·무응답 | D64: category | E64: 0
A65: DE1_35 | B65: 혈당관리: 기타 상세 | D65: object | E65: 0
A66: DE1_4 | B66: 안저검사 | C66: 1: 예 | 2: 아니오 | 8: 비해당 | 9: 모름·무응답 | D66: category | E66: 0
A67: DJ4_dg | B67: 천식 의사진단 여부 | C67: 0: 없음 | 1: 있음 | 8: 비해당 | 9: 모름·무응답 | D67: category | E67: 0
A68: DJ4_ag | B68: 천식 진단시기(세) | C68: 0~79: 실제 연령 | 80: 80세 이상 | 888: 비해당 | 999: 모름·무응답 | D68: numeric_age | E68: 0
A69: DJ4_3 | B69: 천식 약복용 | C69: 1: 정기적 치료 | 2: 증상 시 치료 | 3: 치료받지 않음 | 8: 비해당 | 9: 모름·무응답 | D69: category | E69: 0
A70: DL1_dg | B70: 아토피피부염 의사진단 여부 | C70: 0: 없음 | 1: 있음 | 8: 비해당 | 9: 모름·무응답 | D70: category | E70: 0
A71: DL1_ag | B71: 아토피피부염 진단시기(세) | C71: 0~79: 실제 연령 | 80: 80세 이상 | 888: 비해당 | 999: 모름·무응답 | D71: numeric_age | E71: 0
A72: DJ8_dg | B72: 알레르기비염 의사진단 여부 | C72: 0: 없음 | 1: 있음 | 8: 비해당 | 9: 모름·무응답 | D72: category | E72: 0
A73: DJ8_ag | B73: 알레르기비염 진단시기(세) | C73: 0~79: 실제 연령 | 80: 80세 이상 | 888: 비해당 | 999: 모름·무응답 | D73: numeric_age | E73: 0
A74: DJ6_dg | B74: 부비동염 의사진단 여부 | C74: 0: 없음 | 1: 있음 | 8: 비해당 | 9: 모름·무응답 | D74: category | E74: 0
A75: DJ6_ag | B75: 부비동염 진단시기(세) | C75: 0~79: 실제 연령 | 80: 80세 이상 | 888: 비해당 | 999: 모름·무응답 | D75: numeric_age | E75: 0
A76: DH4_dg | B76: 중이염 의사진단 여부 | C76: 0: 없음 | 1: 있음 | 8: 비해당 | 9: 모름·무응답 | D76: category | E76: 0
A77: DH4_ag | B77: 중이염 진단시기(세) | C77: 0~79: 실제 연령 | 80: 80세 이상 | 888: 비해당 | 999: 모름·무응답 | D77: numeric_age | E77: 0
... A82: M_2_rs | B82: 필요 의료서비스 미충족 사유 | C82: 1: 시간 부족 | 2: 증세가 가벼워서 | 3: 경제적 이유 | 4: 교통·거리 문제 | 5: 대기시간 때문에 | 6: 예약이 어려워서 | 7: 진료가 무서워서 | 8: 기타 | 88: 비해당 | 99: 모름·무응답 | D82: category | E82: 0
A83: M_2_et | B83: 필요 의료서비스 미충족 사유: 기타상세 | D83: object | E83: 0
A84: mt_nontrt | B84: 연간 미충족 여부(병의원) | C84: 0: 필요 시 진료 받음 | 1: 필요했으나 받지 못함 | D84: category | E84: 0
A85: M_HL_1 | B85: 건강정보이해능력 문항1 | C85: 1: 전혀 그렇지 않다 | 2: 그렇지 않다 | 3: 그렇다 | 4: 매우 그렇다 | 8: 비해당(소아·청소년) | 9: 모름·무응답 | D85: category | E85: 0
A86: M_HL_2 | B86: 건강정보이해능력 문항2 | C86: 1: 전혀 그렇지 않다 | 2: 그렇지 않다 | 3: 그렇다 | 4: 매우 그렇다 | 8: 비해당 | 9: 모름·무응답 | D86: category | E86: 0
A87: M_HL_3 | B87: 건강정보이해능력 문항3 | C87: 1: 전혀 그렇지 않다 | 2: 그렇지 않다 | 3: 그렇다 | 4: 매우 그렇다 | 8: 비해당 | 9: 모름·무응답 | D87: category | E87: 0
A88: M_HL_4 | B88: 건강정보이해능력 문항4 | C88: 1: 전혀 그렇지 않다 | 2: 그렇지 않다 | 3: 그렇다 | 4: 매우 그렇다 | 8: 비해당 | 9: 모름·무응답 | D88: category | E88: 0
A89: M_HL_5 | B89: 건강정보이해능력 문항5 | C89: 1: 전혀 그렇지 않다 | 2: 그렇지 않다 | 3: 그렇다 | 4: 매우 그렇다 | 8: 비해당 | 9: 모름·무응답 | D89: category | E89: 0
A90: M_HL_6 | B90: 건강정보이해능력 문항6 | C90: 1: 전혀 그렇지 않다 | 2: 그렇지 않다 | 3: 그렇다 | 4: 매우 그렇다 | 8: 비해당 | 9: 모름·무응답 | D90: category | E90: 0
A91: M_HL_7 | B91: 건강정보이해능력 문항7 | C91: 1: 전혀 그렇지 않다 | 2: 그렇지 않다 | 3: 그렇다 | 4: 매우 그렇다 | 8: 비해당 | 9: 모름·무응답 | D91: category | E91: 0
A92: M_HL_8 | B92: 건강정보이해능력 문항8 | C92: 1: 전혀 그렇지 않다 | 2: 그렇지 않다 | 3: 그렇다 | 4: 매우 그렇다 | 8: 비해당 | 9: 모름·무응답 | D92: category | E92: 0
A93: M_HL_9 | B93: 건강정보이해능력 문항9 | C93: 1: 전혀 그렇지 않다 | 2: 그렇지 않다 | 3: 그렇다 | 4: 매우 그렇다 | 8: 비해당 | 9: 모름·무응답 | D93: category | E93: 0
A94: M_HL_10 | B94: 건강정보이해능력 문항10 | C94: 1: 전혀 그렇지 않다 | 2: 그렇지 않다 | 3: 그렇다 | 4: 매우 그렇다 | 8: 비해당 | 9: 모름·무응답 | D94: category | E94: 0
A95: M_HL_S | B95: 건강정보이해능력 점수(합산) | C95: 건강정보이해능력 10항목 합산 점수(9는 1점으로 전환) | D95: numeric | E95: 0
... A124: LQ4_23 | B124: 활동제한 사유: 기타 | C124: 0: 아니오 | 1: 예 | 8: 비해당 | 9: 모름·무응답 | D124: category | E124: 0
A125: LQ4_24 | B125: 활동제한 사유: 기타상세 | D125: object | E125: 0
A126: LQ1_sb | B126: 최근 1달간 와병 여부 | C126: 1: 예 | 2: 아니오 | 8: 비해당(청소년·소아) | 9: 모름·무응답 | D126: category | E126: 0
A127: LQ1_mn | B127: 최근 1달간 와병일수 | C127: 실제 일수(일) | 88: 비해당(문항2-②·⑧) | 99: 모름·무응답 | D127: numeric | E127: 0
A128: LQ2_ab | B128: 최근 1달간 결근·결석 여부 | C128: 1: 예 | 2: 아니오 | 8: 비해당(직장·학교에 다니지 않음, 소아) | 9: 모름·무응답 | D128: category | E128: 0
A129: LQ2_mn | B129: 최근 1달간 결근·결석일수 | C129: 실제 일수(일) | 88: 비해당(문항3-②·⑧, 청소년) | 99: 모름·무응답 | D129: numeric | E129: 0
A130: LQ_1EQL | B130: EuroQoL: 운동능력 | C130: 1: 걷는데 지장 없음 | 2: 걷는데 다소 지장 있음 | 3: 종일 누워 있어야 함 | 8: 비해당(청소년·소아) | 9: 모름·무응답 | D130: category | E130: 0
A131: LQ_2EQL | B131: EuroQoL: 자기관리 | C131: 1: 목욕·옷입기에 지장 없음 | 2: 혼자 목욕·옷입기에 다소 지장 있음 | 3: 혼자 목욕·옷입기 불가능 | 8: 비해당(청소년·소아) | 9: 모름·무응답 | D131: category | E131: 0
A132: LQ_3EQL | B132: EuroQoL: 일상활동 | C132: 1: 일상활동 지장 없음 | 2: 일상활동 다소 지장 있음 | 3: 일상활동 불가능 | 8: 비해당(청소년·소아) | 9: 모름·무응답 | D132: category | E132: 0
A133: LQ_4EQL | B133: EuroQoL: 통증/불편 | C133: 1: 통증·불편 없음 | 2: 다소 통증·불편 있음 | 3: 매우 심한 통증·불편 있음 | 8: 비해당(청소년·소아) | 9: 모름·무응답 | D133: category | E133: 0
A134: LQ_5EQL | B134: EuroQoL: 불안/우울 | C134: 1: 불안·우울하지 않음 | 2: 다소 불안·우울함 | 3: 매우 심하게 불안·우울함 | 8: 비해당(청소년·소아) | 9: 모름·무응답 | D134: category | E134: 0
A135: EQ5D | B135: EQ-5D index | C135: EQ-5D 지수(소수 셋째 자리까지) | D135: numeric | E135: 0
A136: LQ_1HT | B136: HINT-8: 계단오르기 | C136: 1: 어려움 전혀 없음 | 2: 어려움 약간 있음 | 3: 어려움 많이 있음 | 4: 계단을 오를 수 없음 | 8: 비해당(청소년·소아) | 9: 모름·무응답 | D136: category | E136: 0
A137: LQ_2HT | B137: HINT-8: 통증 | C137: 1: 전혀 통증 없음 | 2: 약한 통증 있음 | 3: 심한 통증 있음 | 4: 극심한 통증 있음 | 8: 비해당(청소년·소아) | 9: 모름·무응답 | D137: category | E137: 0
... A148: AC8_1_01~AC8_1_03 | B148: 손상1~3 치료 | C148: 1: 응급실 | 2: 병의원 외래만 이용 | 3: 병의원 병실입원 | 4: 기타 | 9: 모름·무응답 | D148: category | E148: 0
A149: AC8_1e_01~AC8_1e_03 | B149: 손상1~3 치료: 기타상세 | D149: object | E149: 0
A150: AC8_2w_01~AC8_2w_03 | B150: 손상1~3 와병 여부 | C150: 1: 예 | 2: 아니오 | 9: 모름·무응답 | D150: category | E150: 0
A151: AC8_2_01~AC8_2_03 | B151: 손상1~3 와병일수 | C151: 실제 일수(일) | 888: 비해당(문항4-②) | 999: 모름·무응답 | D151: numeric | E151: 0
...

Sheet 국건영(지침서)_copy
A1: variable | B1: variable description | C1: option description | D1: data type | E1: drop_col
A2: mod_d | B2: 최종 DB 수정일 | D2: object | E2: 0 | F2: =VLOOKUP(A2,'2023년최신'!$A$2:$B$1000,2,FALSE) -> 최종 DB 수정일
A3: ID | B3: 개인 아이디 | D3: object | E3: 0 | F3: =VLOOKUP(A3,'2023년최신'!$A$2:$B$1000,2,FALSE) -> 개인 아이디
A4: ID_fam | B4: 개인 아이디 | D4: object | E4: 0 | F4: =VLOOKUP(A4,'2023년최신'!$A$2:$B$1000,2,FALSE) -> 가구 아이디
A5: year | B5: 조사연도 | D5: numeric | E5: 0 | F5: =VLOOKUP(A5,'2023년최신'!$A$2:$B$1000,2,FALSE) -> 조사연도
A6: region | B6: 16개 시도 | C6: 1 : 서울 | 2 : 부산 | 3 : 대구 | 4 : 인천 | 5 : 광주 | 6 : 대전 | 7 : 울산 | 8 : 세종 | 9 : 경기 | 10 : 강원 | 11 : 충북 | 12 : 충남 | 13 : 전북 | 14 : 전남 | 15 : 경북 | 16 : 경남 | 17 : 제주 | | D6: category | E6: 0 | F6: =VLOOKUP(A6,'2023년최신'!$A$2:$B$1000,2,FALSE) -> 17개 시도
A7: town_t | B7: 동/읍면 구분 | C7: 1 : 동 | 2 : 읍·면 | | D7: category | E7: 0 | F7: =VLOOKUP(A7,'2023년최신'!$A$2:$B$1000,2,FALSE) -> 동/읍면 구분
A8: apt_t | B8: 아파트 구분 | C8: 1 : 일반 | 2 : 아파트 | | D8: category | E8: 0 | F8: =VLOOKUP(A8,'2023년최신'!$A$2:$B$1000,2,FALSE) -> 아파트 구분
A9: psu | B9: 조사구번호 | D9: object | E9: 0 | F9: =VLOOKUP(A9,'2023년최신'!$A$2:$B$1000,2,FALSE) -> 조사구번호
A10: sex | B10: 성별 | C10: 1 : 남자 | 2 : 여자 | | D10: category | E10: 0 | F10: =VLOOKUP(A10,'2023년최신'!$A$2:$B$1000,2,FALSE) -> 성별
A11: age | B11: 만나이 | C11: 1~79 : 1~79세 | 80 : 80세이상 | | D11: numeric_age | E11: 0 | F11: =VLOOKUP(A11,'2023년최신'!$A$2:$B$1000,2,FALSE) -> 나이
A12: age_month | B12: 월령(개월,1~6세) | D12: numeric | E12: 0 | F12: =VLOOKUP(A12,'2023년최신'!$A$2:$B$1000,2,FALSE) -> 월령(1~6세)
A13: incm | B13: 소득 사분위수(개인) | C13: 1 : 하 | 2 : 중하 | 3 : 중상 | 4 : 상 | | D13: category | E13: 0 | F13: =VLOOKUP(A13,'2023년최신'!$A$2:$B$1000,2,FALSE) -> 소득 4분위수(개인)
A14: ho_incm | B14: 소득 사분위수(가구) | C14: 1 : 하 | 2 : 중하 | 3 : 중상 | 4 : 상 | | D14: category | E14: 0 | F14: =VLOOKUP(A14,'2023년최신'!$A$2:$B$1000,2,FALSE) -> 소득 4분위수(가구)
A15: incm5 | B15: 소득 오분위수(개인) | C15: 1 : 하 | 2 : 중하 | 3 : 중 | 4 : 중상 | 5 : 상 | | D15: category | E15: 0 | F15: =VLOOKUP(A15,'2023년최신'!$A$2:$B$1000,2,FALSE) -> 소득 5분위수(개인)
A16: ho_incm5 | B16: 소득 오분위수(가구) | C16: 1 : 하 | 2 : 중하 | 3 : 중 | 4 : 중상 | 5 : 상 | | D16: category | E16: 0 | F16: =VLOOKUP(A16,'2023년최신'!$A$2:$B$1000,2,FALSE) -> 소득 5분위수(가구)
A17: edu | B17: 교육수준 재분류 코드 | C17: 1 : 초졸이하 | 2 : 중졸 | 3 : 고졸 | 4 : 대졸이상 | | D17: category | E17: 0 | F17: =VLOOKUP(A17,'2023년최신'!$A$2:$B$1000,2,FALSE) -> 교육수준
A18: occp | B18: 직업재분류 및 실업/비경제활동 상태 코드 | C18: 1 : 관리자, 전문가 및 관련 종사자 | 2 : 사무종사자 | 3 : 서비스 및 판매 종사자 | 4 : 농림어업 숙련 종사자 | 5 : 기능원, 장치?기계조작 및 조립종사자 | 6 : 단순노무종사자 | 7 : 무직(주부, 학생 등) | | D18: category | E18: 0 | F18: =VLOOKUP(A18,'2023년최신'!$A$2:$B$1000,2,FALSE) -> 직업재분류
A19: wt_hs | B19: 가구조사 가중치 | D19: numeric | E19: 1 | F19: =VLOOKUP(A19,'2023년최신'!$A$2:$B$1000,2,FALSE) -> 가구조사 가중치
A20: wt_itvex | B20: 건강설문-검진조사 가중치 | D20: numeric | E20: 1 | F20: =VLOOKUP(A20,'2023년최신'!$A$2:$B$1000,2,FALSE) -> 건강설문-검진조사 가중치
A21: wt_oe | B21: 구강검사 가중치 | D21: numeric | E21: 1 | F21: =VLOOKUP(A21,'2023년최신'!$A$2:$B$1000,2,FALSE) -> 구강검사 가중치
A22: wt_bia | B22: 체성분검사 가중치(10세이상) | D22: numeric | E22: 1 | F22: =VLOOKUP(A22,'2023년최신'!$A$2:$B$1000,2,FALSE) -> 체성분검사 가중치(10세 이상)
A23: wt_ntr | B23: 영양조사 가중치 | D23: numeric | E23: 1 | F23: =VLOOKUP(A23,'2023년최신'!$A$2:$B$1000,2,FALSE) -> 영양조사 가중치
A24: wt_tot | B24: 건강설문-검진조사 & 영양조사 가중치 | D24: numeric | E24: 1 | F24: =VLOOKUP(A24,'2023년최신'!$A$2:$B$1000,2,FALSE) -> 건강설문·검진·영양조사 통합 가중치
A25: wt_oent | B25: 구강검사 & 영양조사 가중치 | D25: numeric | E25: 1 | F25: =VLOOKUP(A25,'2023년최신'!$A$2:$B$1000,2,FALSE) -> 구강검사·영양조사 가중치
A26: wt_biant | B26: 체성분검사 & 영양조사 가중치(10세이상) | D26: numeric | E26: 1 | F26: =VLOOKUP(A26,'2023년최신'!$A$2:$B$1000,2,FALSE) -> 체성분·영양조사 가중치(10세 이상)
A27: kstrata | B27: 분산추정 층 | D27: numeric | E27: 1 | F27: =VLOOKUP(A27,'2023년최신'!$A$2:$B$1000,2,FALSE) -> 분산추정 층
A28: cfam | B28: 가구원수 | C28: 1 : 1명 | 2 : 2명 | 3 : 3명 | 4 : 4명 | 5 : 5명 | 6 : 6명 이상 | 9 : 모름, 무응답 | | D28: category | E28: 0 | F28: =VLOOKUP(A28,'2023년최신'!$A$2:$B$1000,2,FALSE) -> 가구원수
A29: genertn | B29: 가구 세대구성코드 | C29: 1 : 1세대 가구 - 1인가구 | 2 : 1세대 가구 - 부부 | 3 : 1세대 가구 - 기타 | 4 : 2세대 가구 - 부부+미혼자녀 | 5 : 2세대 가구 ? 편부모+미혼자녀 | 6 : 2세대 가구 ? 기타 | 7 : 3세대 이상 가구 | 9 : 모름, 무응답 | | D29: category | E29: 0 | F29: =VLOOKUP(A29,'2023년최신'!$A$2:$B$1000,2,FALSE) -> 가구 세대구성코드
A30: allownc | B30: 기초생활수급 여부 | C30: 10 : 수급경험 있음(과거 또는 현재) | 20 : 수급경험 없음 | 99 : 모름, 무응답 | | D30: category | E30: 0 | F30: =VLOOKUP(A30,'2023년최신'!$A$2:$B$1000,2,FALSE) -> 기초생활수급 여부
A31: house | B31: 주택소유여부 | C31: 1 : 아니오 | 2 : 1채 있음 | 3 : 2채 이상 있음 | 9 : 모름, 무응답 | | D31: category | E31: 0 | F31: =VLOOKUP(A31,'2023년최신'!$A$2:$B$1000,2,FALSE) -> 주택소유여부
A32: live_t | B32: 주택형태 | C32: 1 : 단독주택 | 2 : 아파트 | 3 : 연립주택 | 4 : 다세대 주택 | 5 : 기타 | 9 : 모름, 무응답 | | D32: category | E32: 0 | F32: =VLOOKUP(A32,'2023년최신'!$A$2:$B$1000,2,FALSE) -> 주택형태
A33: ainc_unit1 | B33: 가구총소득(개방형): 소득단위 | C33: 1 : 연 | 2 : 월 | 8 : 비해당(선택형소득 응답) | 9 : 모름, 무응답 | | D33: category | E33: 0 | F33: =VLOOKUP(A33,'2023년최신'!$A$2:$B$1000,2,FALSE) -> 가구총소득 단위(개방형)
A34: ainc_1 | B34: 가구총소득(개방형): 소득액 | C34: 200 : 연 200만원 이하 | 200초과 ~ 18000미만 : (연속형 소득금액) | 18000 : 연 1억8천만원이상 | 17 : 월 약17만원 이하 | 17초과 ~ 1500미만 : (연속형 소득금액) | 1500 : 월 1,500만원 이상 | 999999 : 모름, 무응답 | | D34: numeric | E34: 0 | F34: =VLOOKUP(A34,'2023년최신'!$A$2:$B$1000,2,FALSE) -> 가구총소득 금액(개방형)
A35: ainc | B35: 월평균 가구총소득 | C35: 17 : 월 17만원 이하 | 17초과 ~ 1500미만 : (연속형 소득금액) | 1500 : 월 1,500만원 이상 | | D35: numeric | E35: 0 | F35: =VLOOKUP(A35,'2023년최신'!$A$2:$B$1000,2,FALSE) -> 월평균 가구총소득
A36: marri_1 | B36: 결혼여부 | C36: 1 : 기혼 | 2 : 미혼 | 9 : 모름, 무응답 | | D36: category | E36: 0 | F36: =VLOOKUP(A36,'2023년최신'!$A$2:$B$1000,2,FALSE) -> 결혼여부
A37: marri_2 | B37: 결혼상태 | C37: 1 : 유배우자, 동거 | 2 : 유배우자, 별거 | 3 : 사별 | 4 : 이혼 | 8 : 응답거부 | 9 : 모름 | 88 : 비해당(문항10-E) | 99 : 무응답 | | D37: category | E37: 0 | F37: =VLOOKUP(A37,'2023년최신'!$A$2:$B$1000,2,FALSE) -> 결혼상태
A38: fam_rela | B38: 가구주와의 관계 | C38: 1 : 본인 | 2 : 배우자 | 3 : 자녀 | 4 : 자녀배우자 | 5 : 손자녀 | 6 : 부모 | 7:조부모 | 8:형제자매|9:기타친척|10:비혈연 | 99 : 모름/무응답 | D38: category | E38: 0 | F38: =VLOOKUP(A38,'2023년최신'!$A$2:$B$1000,2,FALSE) -> 가구주와의 관계
A39: tins | B39: 건강보험종류 | C39: 10 : 국민건강보험(지역) | 20 : 국민건강보험(직장) | 30 : 의료급여 | 99 : 미가입, 모름, 무응답 | | D39: category | E39: 0 | F39: =VLOOKUP(A39,'2023년최신'!$A$2:$B$1000,2,FALSE) -> 건강보험 종류
A40: npins | B40: 민간의료보험 가입여부 | C40: 1 : 예 | 2 : 아니오 | 9 : 모름 | 99 : 무응답 | | D40: category | E40: 0 | F40: =VLOOKUP(A40,'2023년최신'!$A$2:$B$1000,2,FALSE) -> 민간의료보험 가입여부
A41: ID_F | B41: 아버지 아이디 | D41: object | E41: 0 | F41: =VLOOKUP(A41,'2023년최신'!$A$2:$B$1000,2,FALSE) -> 아버지 아이디
A42: ID_M | B42: 어머니 아이디 | D42: object | E42: 0 | F42: =VLOOKUP(A42,'2023년최신'!$A$2:$B$1000,2,FALSE) -> 어머니 아이디
A43: D_1_1 | B43: 주관적 건강인지 | C43: 1 : 매우 좋음 | 2 : 좋음 | 3 : 보통 | 4 : 나쁨 | 5 : 매우 나쁨 | 9 : 모름, 무응답 | | D43: category | E43: 0 | F43: =VLOOKUP(A43,'2023년최신'!$A$2:$B$1000,2,FALSE) -> 주관적 건강인지
A44: D_2_1 | B44: 최근2주간 몸이 불편했던 경험 유무 | C44: 1 : 예 | 2 : 아니오 | 9 : 모름, 무응답 | | D44: category | E44: 0 | F44: =VLOOKUP(A44,'2023년최신'!$A$2:$B$1000,2,FALSE) -> 최근 2주간 불편 경험 유무
A45: D_2_wk | B45: 최근2주간 불편감일수 | C45: 88 : 비해당(문항2-②) | 99 : 모름, 무응답 | | D45: numeric | E45: 0 | F45: =VLOOKUP(A45,'2023년최신'!$A$2:$B$1000,2,FALSE) -> 최근 2주간 불편감 일수
A46: DI1_pr | B46: 고혈압 의사진단 여부 | C46: 0 : 없음 | 1 : 있음 | 8 : 비해당(청소년, 소아, 의사진단 받지 않음) | 9 : 모름, 무응답 | | D46: category | E46: 0 | F46: =VLOOKUP(A46,'2023년최신'!$A$2:$B$1000,2,FALSE) -> 고혈압 현재 유병 여부
A47: DI1_dg | B47: 고혈압 진단시기 | C47: 0 : 없음 | 1 : 있음 | 8 : 비해당(청소년, 소아) | 9 : 모름, 무응답 | | D47: category | E47: 0 | F47: =VLOOKUP(A47,'2023년최신'!$A$2:$B$1000,2,FALSE) -> 고혈압 의사진단 여부
A48: DI1_ag | B48: 고혈압 현재 유병 여부 | C48: 0~79 : 0~79세 | 80 : 80세이상 | 888 : 비해당(청소년, 소아, 의사진단 받지 않음) | 999 : 모름, 무응답 | | D48: numeric_age | E48: 0 | F48: =VLOOKUP(A48,'2023년최신'!$A$2:$B$1000,2,FALSE) -> 고혈압 진단시기(세)
A49: DI1_pt | B49: 고혈압 치료 | C49: 0 : 없음 | 1 : 있음 | 8 : 비해당(청소년, 소아, 의사진단 받지 않음) | 9 : 모름, 무응답 | | D49: category | E49: 0 | F49: =VLOOKUP(A49,'2023년최신'!$A$2:$B$1000,2,FALSE) -> 고혈압 치료 여부
A50: DI1_2 | B50: 혈압조절제 복용 | C50: 1 : 매일 복용함 | 2 : 한달에 20일 이상 복용함 | 3 : 한달에 15일 이상 복용함 | 4 : 한달에 15일 미만 복용함 | 5 : 복용하지 않음 | 8 : 비해당(청소년, 소아, 의사진단 받지 않음) | 9 : 모름, 무응답 | | D50: category | E50: 0 | F50: =VLOOKUP(A50,'2023년최신'!$A$2:$B$1000,2,FALSE) -> 혈압조절제 복용
A51: DI2_pr | B51: 이상지질혈증 현재 유병 여부 | C51: 0 : 없음 | 1 : 있음 | 8 : 비해당(청소년, 소아, 의사진단 받지 않음) | 9 : 모름, 무응답 | | D51: category | E51: 0 | F51: =VLOOKUP(A51,'2023년최신'!$A$2:$B$1000,2,FALSE) -> 이상지질혈증 현재 유병 여부
A52: DI2_dg | B52: 이상지질혈증 의사진단 여부 | C52: 0 : 없음 | 1 : 있음 | 8 : 비해당(청소년, 소아) | 9 : 모름, 무응답 | | D52: category | E52: 0 | F52: =VLOOKUP(A52,'2023년최신'!$A$2:$B$1000,2,FALSE) -> 이상지질혈증 의사진단 여부
A53: DI2_ag | B53: 이상지질혈증 진단시기 | C53: 0~79 : 0~79세 | 80 : 80세이상 | 888 : 비해당(청소년, 소아, 의사진단 받지 않음) | 999 : 모름, 무응답 | | D53: numeric_age | E53: 0 | F53: =VLOOKUP(A53,'2023년최신'!$A$2:$B$1000,2,FALSE) -> 이상지질혈증 진단시기(세)
A54: DI2_pt | B54: 이상지질혈증 치료 | C54: 0 : 없음 | 1 : 있음 | 8 : 비해당(청소년, 소아, 의사진단 받지 않음) | 9 : 모름, 무응답 | | D54: category | E54: 0 | F54: =VLOOKUP(A54,'2023년최신'!$A$2:$B$1000,2,FALSE) -> 이상지질혈증 치료 여부
... A120: DE1_34 | B120: 당뇨병혈당관리치료: 기타 | C120: 0 : 아니오 | 1 : 예 | 8 : 비해당(문항14-5-②⑧) | 9 : 모름, 무응답 | | D120: category | E120: 0 | F120: =VLOOKUP(A120,'2023년최신'!$A$2:$B$1000,2,FALSE) -> 혈당관리: 기타
A121: DE1_35 | B121: 당뇨병 혈당관리 치료: 기타상세 | D121: object | E121: 0 | F121: =VLOOKUP(A121,'2023년최신'!$A$2:$B$1000,2,FALSE) -> 혈당관리: 기타 상세
A122: DE1_4 | B122: 안저검사 | C122: 0 : 없음 | 1 : 있음 | 8 : 비해당(청소년, 소아, 의사진단 받지 않음) | 9 : 모름, 무응답 | | D122: category | E122: 0 | F122: =VLOOKUP(A122,'2023년최신'!$A$2:$B$1000,2,FALSE) -> 안저검사
A123: DE2_pr | B123: 갑상선 질환 현재 유병 여부 | C123: 0 : 없음 | 1 : 있음 | 8 : 비해당(청소년, 소아, 의사진단 받지 않음) | 9 : 모름, 무응답 | | D123: category | E123: 0 | F123: =VLOOKUP(A123,'2023년최신'!$A$2:$B$1000,2,FALSE) -> 갑상선 질환 현재 유병 여부
A124: DE2_dg | B124: 갑상선 질환 의사진단 여부 | C124: 0 : 없음 | 1 : 있음 | 8 : 비해당(청소년, 소아) | 9 : 모름, 무응답 | | D124: category | E124: 0 | F124: =VLOOKUP(A124,'2023년최신'!$A$2:$B$1000,2,FALSE) -> 갑상선 질환 의사진단 여부
A125: DE2_ag | B125: 갑상선 질환 진단시기 | C125: 0~79 : 0~79세 | 80 : 80세이상 | 888 : 비해당(청소년, 소아, 의사진단 받지 않음) | 999 : 모름, 무응답 | | D125: numeric_age | E125: 0 | F125: =VLOOKUP(A125,'2023년최신'!$A$2:$B$1000,2,FALSE) -> 갑상선 질환 진단시기
A126: DE2_pt | B126: 갑상선 질환 치료 | C126: 0 : 없음 | 1 : 있음 | 8 : 비해당(청소년, 소아, 의사진단 받지 않음) | 9 : 모름, 무응답 | | D126: category | E126: 0 | F126: =VLOOKUP(A126,'2023년최신'!$A$2:$B$1000,2,FALSE) -> 갑상선 질환 치료
A127: DC1_pr | B127: 위암 현재 유병 여부 | C127: 0 : 없음 | 1 : 있음 | 8 : 비해당(청소년, 소아, 의사진단 받지 않음) | 9 : 모름, 무응답 | | D127: category | E127: 0 | F127: =VLOOKUP(A127,'2023년최신'!$A$2:$B$1000,2,FALSE) -> 위암 현재 유병 여부
A128: DC1_dg | B128: 위암 의사진단 여부 | C128: 0 : 없음 | 1 : 있음 | 8 : 비해당(청소년, 소아) | 9 : 모름, 무응답 | | D128: category | E128: 0 | F128: =VLOOKUP(A128,'2023년최신'!$A$2:$B$1000,2,FALSE) -> 위암 의사진단 여부
A129: DC1_ag | B129: 위암 진단시기 | C129: 0~79 : 0~79세 | 80 : 80세이상 | 888 : 비해당(청소년, 소아, 의사진단 받지 않음) | 999 : 모름, 무응답 | | D129: numeric_age | E129: 0 | F129: =VLOOKUP(A129,'2023년최신'!$A$2:$B$1000,2,FALSE) -> 위암 진단시기
A130: DC1_pt | B130: 위암 치료 여부 | C130: 0 : 없음 | 1 : 있음 | 8 : 비해당(청소년, 소아, 의사진단 받지 않음) | 9 : 모름, 무응답 | | D130: category | E130: 0 | F130: =VLOOKUP(A130,'2023년최신'!$A$2:$B$1000,2,FALSE) -> 위암 치료 여부
A131: DC2_pr | B131: 간암 현재 유병 여부 | C131: 0 : 없음 | 1 : 있음 | 8 : 비해당(청소년, 소아, 의사진단 받지 않음) | 9 : 모름, 무응답 | | D131: category | E131: 0 | F131: =VLOOKUP(A131,'2023년최신'!$A$2:$B$1000,2,FALSE) -> 간암 현재 유병 여부
A132: DC2_dg | B132: 간암 의사진단 여부 | C132: 0 : 없음 | 1 : 있음 | 8 : 비해당(청소년, 소아) | 9 : 모름, 무응답 | | D132: category | E132: 0 | F132: =VLOOKUP(A132,'2023년최신'!$A$2:$B$1000,2,FALSE) -> 간암 의사진단 여부
A133: DC2_ag | B133: 간암 진단시기 | C133: 0~79 : 0~79세 | 80 : 80세이상 | 888 : 비해당(청소년, 소아, 의사진단 받지 않음) | 999 : 모름, 무응답 | | D133: numeric_age | E133: 0 | F133: =VLOOKUP(A133,'2023년최신'!$A$2:$B$1000,2,FALSE) -> 간암 진단시기
... A180: BH1_6 | B180: (성인) 건강검진 _기타 | C180: 0 : 없음 | 1 : 있음 | 8 : 비해당 | 9 : 모름, 무응답 | D180: category | E180: 0 | F180: =VLOOKUP(A180,'2023년최신'!$A$2:$B$1000,2,FALSE) -> (성인) 건강검진 _기타
A181: BH1_7 | B181: (성인) 건강검진 _기타상세 | D181: object | E181: 0 | F181: =VLOOKUP(A181,'2023년최신'!$A$2:$B$1000,2,FALSE) -> (성인) 건강검진 _기타상세
A182: BH2_61 | B182: (성인) 2년간 암검진 여부 | C182: 1 : 예 | 2 : 아니오 | 8 : 비해당 | 9 : 모름, 무응답 | D182: category | E182: 0 | F182: =VLOOKUP(A182,'2023년최신'!$A$2:$B$1000,2,FALSE) -> 최근 2년간 암검진 여부
A183: BH2_62 | B183: (성인) 암검진_본인부담 | C183: 1 : 예 | 2 : 아니오 | 8 : 비해당 | 9 : 모름, 무응답 | D183: category | E183: 0 | F183: =VLOOKUP(A183,'2023년최신'!$A$2:$B$1000,2,FALSE) -> (성인) 암검진_본인부담
A184: BH2_63 | B184: (성인) 암검진_본인부담특정 | C184: 1 : 예 | 2 : 아니오 | 8 : 비해당 | 9 : 모름, 무응답 | D184: category | E184: 0 | F184: =VLOOKUP(A184,'2023년최신'!$A$2:$B$1000,2,FALSE) -> (성인) 암검진_본인부담특정
A185: BH2_64 | B185: (성인) 암검진_기타 | C185: 1 : 예 | 2 : 아니오 | 8 : 비해당 | 9 : 모름, 무응답 | D185: category | E185: 0 | F185: =VLOOKUP(A185,'2023년최신'!$A$2:$B$1000,2,FALSE) -> (성인) 암검진_기타
A186: BH2_65 | B186: (성인) 암검진_기타상세 | D186: object | E186: 0 | F186: =VLOOKUP(A186,'2023년최신'!$A$2:$B$1000,2,FALSE) -> (성인) 암검진_기타상세
A187: AC1_yr | B187: 1년간 손상 발생여부 | C187: 1 : 예 | 2 : 아니오 | 9 : 모름, 무응답 | D187: category | E187: 0 | F187: =VLOOKUP(A187,'2023년최신'!$A$2:$B$1000,2,FALSE) -> 1년간 손상 발생 여부
A188: AC3 | B188: 손상 횟수(최대횟수3회) | C188: 88 : 비해당 | 99 : 모름, 무응답 | D188: numeric | E188: 0 | F188: =VLOOKUP(A188,'2023년최신'!$A$2:$B$1000,2,FALSE) -> 손상 횟수(연간)
A189: AC3_1_01 | B189: 손상1 발생시기: 년도 | C189: 9999 : 모름, 무응답 | D189: numeric | E189: 0 | F189: =VLOOKUP(A189,'2023년최신'!$A$2:$B$1000,2,FALSE) -> 손상1 발생시기: 년도
A190: AC3_1_02 | B190: 손상2 발생시기: 년도 | C190: 9999 : 모름, 무응답 | D190: numeric | E190: 0 | F190: =VLOOKUP(A190,'2023년최신'!$A$2:$B$1000,2,FALSE) -> 손상2 발생시기: 년도
A191: AC3_1_03 | B191: 손상3 발생시기: 년도 | C191: 9999 : 모름, 무응답 | D191: numeric | E191: 0 | F191: =VLOOKUP(A191,'2023년최신'!$A$2:$B$1000,2,FALSE) -> 손상3 발생시기: 년도
A192: AC3_2_01 | B192: 손상1 발생시기: 월 | C192: 99 : 모름, 무응답 | D192: numeric | E192: 0 | F192: =VLOOKUP(A192,'2023년최신'!$A$2:$B$1000,2,FALSE) -> 손상1 발생시기: 월
A193: AC3_2_02 | B193: 손상2 발생시기: 월 | C193: 99 : 모름, 무응답 | D193: numeric | E193: 0 | F193: =VLOOKUP(A193,'2023년최신'!$A$2:$B$1000,2,FALSE) -> 손상2 발생시기: 월
A194: AC3_2_03 | B194: 손상 발생시기: 월 | C194: 99 : 모름, 무응답 | D194: numeric | E194: 0 | F194: =VLOOKUP(A194,'2023년최신'!$A$2:$B$1000,2,FALSE) -> 손상 발생시기: 월
A195: AC8_1_01 | B195: 손상1 치료 | C195: 1 : 응급실 | 2 : 병의원 외래만 이용 | 3 : 병의원 병실입원 | 4 : 기타 | 9 : 모름, 무응답 | D195: category | E195: 0 | F195: =VLOOKUP(A195,'2023년최신'!$A$2:$B$1000,2,FALSE) -> 손상1 치료
A196: AC8_1_02 | B196: 손상2 치료 | C196: 1 : 응급실 | 2 : 병의원 외래만 이용 | 3 : 병의원 병실입원 | 4 : 기타 | 9 : 모름, 무응답 | D196: category | E196: 0 | F196: =VLOOKUP(A196,'2023년최신'!$A$2:$B$1000,2,FALSE) -> 손상2 치료
A197: AC8_1_03 | B197: 손상3 치료 | C197: 1 : 응급실 | 2 : 병의원 외래만 이용 | 3 : 병의원 병실입원 | 4 : 기타 | 9 : 모름, 무응답 | D197: category | E197: 0 | F197: =VLOOKUP(A197,'2023년최신'!$A$2:$B$1000,2,FALSE) -> 손상3 치료
A198: AC8_1e_01 | B198: 손상1 치료: 기타상세 | D198: object | E198: 0 | F198: =VLOOKUP(A198,'2023년최신'!$A$2:$B$1000,2,FALSE) -> 손상1 치료: 기타상세
A199: AC8_1e_02 | B199: 손상2 치료: 기타상세 | D199: object | E199: 0 | F199: =VLOOKUP(A199,'2023년최신'!$A$2:$B$1000,2,FALSE) -> 손상2 치료: 기타상세
A200: AC8_1e_03 | B200: 손상3 치료: 기타상세 | D200: object | E200: 0 | F200: =VLOOKUP(A200,'2023년최신'!$A$2:$B$1000,2,FALSE) -> 손상3 치료: 기타상세
A201: AC8_2w_01 | B201: 손상1 와병여부 | C201: 1 : 예 | 2 : 아니오 | 9 : 모름, 무응답 | D201: category | E201: 0 | F201: =VLOOKUP(A201,'2023년최신'!$A$2:$B$1000,2,FALSE) -> 손상1 와병여부
A202: AC8_2w_02 | B202: 손상2 와병여부 | C202: 1 : 예 | 2 : 아니오 | 9 : 모름, 무응답 | D202: category | E202: 0 | F202: =VLOOKUP(A202,'2023년최신'!$A$2:$B$1000,2,FALSE) -> 손상2 와병여부
A203: AC8_2w_03 | B203: 손상3 와병여부 | C203: 1 : 예 | 2 : 아니오 | 9 : 모름, 무응답 | D203: category | E203: 0 | F203: =VLOOKUP(A203,'2023년최신'!$A$2:$B$1000,2,FALSE) -> 손상3 와병여부
A204: AC8_2_01 | B204: 손상1 와병일수 | C204: 888 : 비해당 | 999 : 모름, 무응답 | D204: numeric | E204: 0 | F204: =VLOOKUP(A204,'2023년최신'!$A$2:$B$1000,2,FALSE) -> 손상1 와병일수
A205: AC8_2_02 | B205: 손상2 와병일수 | C205: 888 : 비해당 | 999 : 모름, 무응답 | D205: numeric | E205: 0 | F205: =VLOOKUP(A205,'2023년최신'!$A$2:$B$1000,2,FALSE) -> 손상2 와병일수
A206: AC8_2_03 | B206: 손상3 와병일수 | C206: 888 : 비해당 | 999 : 모름, 무응답 | D206: numeric | E206: 0 | F206: =VLOOKUP(A206,'2023년최신'!$A$2:$B$1000,2,FALSE) -> 손상3 와병일수
A207: AC8_3w_01 | B207: 손상1 결석여부 | C207: 1 : 예 | 2 : 아니오 | 8 : 비해당 | 9 : 모름, 무응답 | D207: category | E207: 0 | F207: =VLOOKUP(A207,'2023년최신'!$A$2:$B$1000,2,FALSE) -> 손상1 결석여부
A208: AC8_3w_02 | B208: 손상2 결석여부 | C208: 1 : 예 | 2 : 아니오 | 8 : 비해당 | 9 : 모름, 무응답 | D208: category | E208: 0 | F208: =VLOOKUP(A208,'2023년최신'!$A$2:$B$1000,2,FALSE) -> 손상2 결석여부
A209: AC8_3w_03 | B209: 손상3 결석여부 | C209: 1 : 예 | 2 : 아니오 | 8 : 비해당 | 9 : 모름, 무응답 | D209: category | E209: 0 | F209: =VLOOKUP(A209,'2023년최신'!$A$2:$B$1000,2,FALSE) -> 손상3 결석여부
A210: AC8_3_01 | B210: 손상1 결석일수 | C210: 888 : 비해당 | 999 : 모름, 무응답 | D210: numeric | E210: 0 | F210: =VLOOKUP(A210,'2023년최신'!$A$2:$B$1000,2,FALSE) -> 손상1 결석일수
A211: AC8_3_02 | B211: 손상2 결석일수 | C211: 888 : 비해당 | 999 : 모름, 무응답 | D211: numeric | E211: 0 | F211: =VLOOKUP(A211,'2023년최신'!$A$2:$B$1000,2,FALSE) -> 손상2 결석일수
...

Sheet 2022년변수
A1: mod_d
A2: ID
A3: ID_fam
A4: year
A5: region
A6: town_t
A7: apt_t
A8: psu
A9: sex
A10: age
A11: age_month
A12: incm
... A623: N_DUSUAL
